Time (s),Main Avg Current (mA),Main Avg Power (mW),Main Avg Voltage (V)
0.0000,405.368,2023.5972,4.992
0.2000,405.604,2024.7753,4.992
0.4000,406.336,2028.4293,4.992
0.6000,404.506,2019.2941,4.992
0.8000,408.028,2037.6919,4.994
1.0000,408.272,2038.9104,4.994
1.2000,408.63,2040.6982,4.994
1.4000,528.048,2633.9033,4.988
1.6000,405.573,2023.8092,4.99
1.8000,405.078,2022.1494,4.992
2.0000,406.183,2028.4779,4.994
2.2000,407.151,2031.6833,4.99
2.4000,407.029,2031.8888,4.992
2.6000,408.859,2041.0242,4.992
2.8000,407.022,2031.8539,4.992
3.0000,412.747,2059.6074,4.99
3.2000,403.835,2015.1365,4.99
3.4000,413.227,2062.8291,4.992
3.6000,406.64,2029.1335,4.99
3.8000,406.267,2028.0848,4.992
4.0000,408.096,2037.2153,4.992
4.2000,408.332,2038.3934,4.992
4.4000,412.235,2057.8772,4.992
4.6000,408.332,2038.3934,4.992
4.8000,408.325,2038.3585,4.992
5.0000,408.691,2040.1855,4.992
5.2000,409.796,2044.8818,4.99
5.4000,407.845,2035.1465,4.99
5.6000,407.357,2032.7113,4.99
5.8000,419.065,2091.1343,4.99
6.0000,406.145,2026.6635,4.99
6.2000,412.731,2060.353,4.992
6.4000,405.413,2022.2,4.988
6.6000,406.998,2030.9198,4.99
6.8000,406.511,2029.3029,4.992
7.0000,451.272,2251.8472,4.99
7.2000,415.902,2075.3508,4.99
7.4000,407.974,2035.7902,4.99
7.6000,409.194,2042.6965,4.992
7.8000,407.845,2035.9623,4.992
8.0000,406.633,2029.912,4.992
8.2000,405.177,2021.8331,4.99
8.4000,404.933,2022.2355,4.994
8.6000,406.396,2028.7289,4.992
8.8000,404.689,2020.2075,4.992
9.0000,405.062,2022.0696,4.992
9.2000,408.234,2037.9042,4.992
9.4000,407.502,2035.0651,4.994
9.6000,406.892,2031.205,4.992
9.8000,406.526,2030.1908,4.994
10.0000,405.794,2024.912,4.99
10.2000,412.868,2061.8628,4.994
10.4000,407.868,2036.0771,4.992
10.6000,407.624,2035.6742,4.994
10.8000,408.843,2041.7618,4.994
11.0000,407.258,2033.032,4.992
11.2000,405.916,2025.5206,4.99
11.4000,404.453,2019.0294,4.992
11.6000,406.282,2028.9724,4.994
11.8000,406.038,2027.7538,4.994
12.0000,405.314,2023.3275,4.992
12.2000,405.802,2026.5752,4.994
12.4000,406.9,2031.2448,4.992
12.6000,408.973,2041.5933,4.992
12.8000,447.516,2233.1047,4.99
13.0000,412.388,2057.8159,4.99
13.2000,414.21,2066.9077,4.99
13.4000,405.428,2023.8966,4.992
13.6000,407.128,2032.3829,4.992
13.8000,407.738,2035.4282,4.992
14.0000,408.836,2041.7269,4.994
14.2000,409.811,2045.7766,4.992
14.4000,406.64,2029.947,4.992
14.6000,413.722,2066.1277,4.994
14.8000,407.136,2033.2371,4.994
15.0000,421.894,2105.251,4.99
15.2000,703.523,3502.1377,4.978
15.4000,408.843,2040.9442,4.992
15.6000,407.258,2033.032,4.992
15.8000,406.404,2027.9558,4.99
16.0000,405.428,2023.0857,4.99
16.2000,406.404,2028.7688,4.992
16.4000,406.77,2031.4093,4.994
16.6000,405.916,2024.7089,4.988
16.8000,407.746,2036.2836,4.994
17.0000,408.721,2041.1527,4.994
17.2000,407.014,2032.6279,4.994
17.4000,405.184,2021.868,4.99
17.6000,532.399,2656.6709,4.99
17.8000,409.087,2042.9805,4.994
18.0000,407.258,2033.8464,4.994
18.2000,405.55,2024.5056,4.992
18.4000,417.015,2082.573,4.994
18.6000,410.551,2050.2917,4.994
18.8000,408.721,2040.3353,4.992
19.0000,407.624,2034.0436,4.99
19.2000,405.306,2022.4768,4.99
19.4000,405.672,2025.1146,4.992
19.6000,406.282,2028.1598,4.992
19.8000,421.406,2102.8159,4.99
20.0000,406.038,2026.1295,4.99
20.2000,746.837,3723.7292,4.986
20.4000,743.544,3711.7717,4.992
20.6000,1019.182,5087.7568,4.992
20.8000,737.553,3680.3892,4.99
21.0000,764.63,3817.033,4.992
21.2000,746.945,3728.7495,4.992
21.4000,640.953,3200.9192,4.994
21.6000,732.688,3666.3708,5.004
21.8000,655.601,3275.3826,4.996
22.0000,719.501,3593.1877,4.994
22.2000,767.802,3826.7253,4.984
22.4000,738.285,3685.5186,4.992
22.6000,760.971,3797.2451,4.99
22.8000,736.333,3674.3015,4.99
23.0000,702.914,3508.9468,4.992
23.2000,735.236,3670.2983,4.992
23.4000,677.788,3383.5178,4.992
23.6000,708.768,3536.7522,4.99
23.8000,638.391,3185.5708,4.99
24.0000,644.6,3220.4214,4.996
24.2000,654.845,3267.6763,4.99
24.4000,643.258,3215.0037,4.998
24.6000,724.136,3614.887,4.992
24.8000,717.672,3581.1831,4.99
25.0000,718.512,3586.812,4.992
25.2000,722.537,3606.9048,4.992
25.4000,771.568,3848.5811,4.988
25.6000,410.185,2047.6436,4.992
25.8000,409.453,2043.9894,4.992
26.0000,412.259,2057.9971,4.992
26.2000,409.583,2043.8191,4.99
26.4000,413.364,2062.6863,4.99
26.6000,408.363,2039.3649,4.994
26.8000,408.478,2038.3051,4.99
27.0000,408.478,2039.1222,4.992
27.2000,414.454,2068.9543,4.992
27.4000,407.258,2032.2173,4.99
27.6000,741.212,3698.6477,4.99
27.8000,730.235,3648.2539,4.996
28.0000,732.674,3657.5088,4.992
28.2000,746.091,3722.9939,4.99
28.4000,894.651,4473.2549,5
28.6000,719.366,3592.5139,4.994
28.8000,740.71,3696.1428,4.99
29.0000,737.051,3676.4104,4.988
29.2000,739.978,3693.9705,4.992
29.4000,702.168,3502.4141,4.988
29.6000,728.391,3631.7576,4.986
29.8000,722.659,3606.0681,4.99
30.0000,709.012,3540.8059,4.994
30.2000,714.013,3562.9248,4.99
30.4000,736.211,3676.6377,4.994
30.6000,687.558,3433.6646,4.994
30.8000,406.9,2032.0586,4.994
31.0000,407.266,2032.2572,4.99
31.2000,412.632,2059.0334,4.99
31.4000,411.779,2056.4243,4.994
31.6000,410.429,2049.6824,4.994
31.8000,409.331,2042.5615,4.99
32.0000,409.217,2041.9928,4.99
32.2000,408.607,2040.5834,4.994
32.4000,581.442,2900.2327,4.988
32.6000,411.169,2053.3779,4.994
32.8000,728.907,3635.7881,4.988
33.0000,1015.786,5066.7407,4.988
33.2000,739.763,3689.9377,4.988
33.4000,749.52,3738.6057,4.988
33.6000,1015.927,5069.4756,4.99
33.8000,728.677,3636.0981,4.99
34.0000,736.849,3678.3503,4.992
34.2000,742.826,3708.1875,4.992
34.4000,755.633,3769.0974,4.988
34.6000,723.066,3609.5454,4.992
34.8000,730.263,3644.0122,4.99
35.0000,725.858,3623.4832,4.992
35.2000,725.858,3620.5796,4.988
35.4000,724.882,3617.1611,4.99
35.6000,715.124,3571.3293,4.994
35.8000,681.46,3401.8484,4.992
36.0000,739.763,3694.3765,4.994
36.2000,1002.247,4993.1943,4.982
36.4000,726.224,3622.4053,4.988
36.6000,724.746,3617.9319,4.992
36.8000,743.408,3712.5796,4.994
37.0000,724.882,3620.0608,4.994
37.2000,739.153,3689.8518,4.992
37.4000,745.373,3719.4111,4.99
37.6000,731.848,3653.3855,4.992
37.8000,708.795,3538.3047,4.992
38.0000,725.993,3622.7048,4.99
38.2000,720.505,3596.761,4.992
38.4000,720.87,3595.6995,4.988
38.6000,683.424,3411.6528,4.992
38.8000,533.395,2662.708,4.992
39.0000,409.469,2044.0692,4.992
39.2000,408.615,2038.1715,4.988
39.4000,408.371,2038.5881,4.992
39.6000,414.592,2068.814,4.99
39.8000,406.054,2027.0215,4.992
40.0000,410.811,2049.9468,4.99
40.2000,410.445,2048.9414,4.992
40.4000,409.591,2045.4974,4.994
40.6000,408.989,2041.6732,4.992
40.8000,730.276,3644.0771,4.99
41.0000,1026.925,5126.4102,4.992
41.2000,751.988,3752.4199,4.99
41.4000,734.058,3665.8855,4.994
41.6000,999.724,4984.624,4.986
41.8000,725.519,3623.2417,4.994
42.0000,745.997,3722.5249,4.99
42.2000,746.363,3724.3511,4.99
42.4000,737.825,3683.2227,4.992
42.6000,720.017,3595.7649,4.994
42.8000,732.702,3657.6487,4.992
43.0000,724.394,3616.1748,4.992
43.2000,685.485,3423.312,4.994
43.4000,720.979,3600.5691,4.994
43.6000,408.363,2039.3649,4.994
43.8000,407.624,2034.859,4.992
44.0000,410.421,2049.6423,4.994
44.2000,411.771,2055.5608,4.992
44.4000,411.039,2052.7288,4.994
44.6000,412.137,2056.5635,4.99
44.8000,410.307,2049.0732,4.994
45.0000,410.071,2047.0746,4.992
45.2000,422.146,2106.5085,4.99
45.4000,408.119,2035.6975,4.988
45.6000,739.275,3688.9822,4.99
45.8000,728.053,3637.3525,4.996
46.0000,735.601,3673.5913,4.994
46.2000,734.626,3665.7834,4.99
46.4000,1011.986,5051.8345,4.992
46.6000,743.164,3708.3882,4.99
46.8000,740.48,3697.957,4.994
47.0000,751.106,3746.5168,4.988
47.2000,758.058,3782.7092,4.99
47.4000,712.685,3556.2981,4.99
47.6000,724.868,3618.541,4.992
47.8000,722.429,3604.9207,4.99
48.0000,656.565,3278.8855,4.994
48.2000,740.48,3694.9949,4.99
48.4000,1013.937,5053.4624,4.984
48.6000,732.674,3657.5088,4.992
48.8000,744.505,3715.0798,4.99
49.0000,743.895,3712.0359,4.99
49.2000,733.406,3662.6296,4.994
49.4000,738.651,3685.8684,4.99
49.6000,744.993,3716.0249,4.988
49.8000,739.261,3691.8694,4.994
50.0000,721.819,3601.8765,4.99
50.2000,720.355,3594.5713,4.99
50.4000,616.437,3082.1851,5
50.6000,669.616,3344.0625,4.994
50.8000,596.799,2978.0269,4.99
51.0000,708.28,3535.7339,4.992
51.2000,708.524,3538.3687,4.994
51.4000,553.134,2760.1384,4.99
51.6000,425.065,2120.2241,4.988
51.8000,434.693,2169.9875,4.992
52.0000,410.429,2048.8616,4.992
52.2000,414.21,2068.5647,4.994
52.4000,413.478,2065.7361,4.996
52.6000,412.876,2060.2512,4.99
52.8000,410.925,2052.1594,4.994
53.0000,409.575,2046.2367,4.996
53.2000,406.282,2027.3472,4.99
53.4000,728.161,3633.5232,4.99
53.6000,1012.371,5049.7065,4.988
53.8000,729.883,3643.5759,4.992
54.0000,725.858,3623.4832,4.992
54.2000,739.763,3691.4172,4.99
54.4000,718.051,3584.5107,4.992
54.6000,743.895,3713.5239,4.992
54.8000,741.822,3701.6917,4.99
55.0000,760.62,3795.4937,4.99
55.2000,728.663,3637.4858,4.992
55.4000,715.734,3571.5125,4.99
55.6000,716.696,3577.7463,4.992
55.8000,720.247,3592.592,4.988
56.0000,764.767,3817.717,4.992
56.2000,570.709,2854.6863,5.002
56.4000,432.88,2160.937,4.992
56.6000,434.831,2170.6763,4.992
56.8000,425.196,2121.728,4.99
57.0000,427.635,2134.7539,4.992
57.2000,442.516,2208.1548,4.99
57.4000,437.515,2184.95,4.994
57.6000,435.799,2175.5088,4.992
57.8000,435.799,2175.5088,4.992
58.0000,439.702,2194.9924,4.992
58.2000,416.406,2077.0332,4.988
58.4000,736.943,3677.3455,4.99
58.6000,731.455,3652.8862,4.994
58.8000,734.138,3666.2852,4.994
59.0000,737.553,3680.3892,4.99
59.2000,715.72,3577.1685,4.998
59.4000,724.868,3617.0911,4.99
59.6000,744.139,3713.2534,4.99
59.8000,739.505,3693.0879,4.994
60.0000,729.123,3641.2402,4.994
60.2000,726.074,3624.5613,4.992
60.4000,759.371,3787.7424,4.988
60.6000,721.087,3599.6663,4.992
60.8000,645.1,3222.9194,4.996
61.0000,725.22,3618.8474,4.99
61.2000,999.038,4983.2017,4.988
61.4000,726.806,3628.2158,4.992
61.6000,739.992,3695.52,4.994
61.8000,745.481,3719.9502,4.99
62.0000,1020.646,5095.0649,4.992
62.2000,735.601,3672.1204,4.992
62.4000,750.97,3747.3401,4.99
62.6000,754.873,3765.3064,4.988
62.8000,742.432,3706.2207,4.992
63.0000,721.101,3599.7363,4.992
63.2000,722.442,3607.8755,4.994
63.4000,712.82,3558.3975,4.992
63.6000,741.85,3698.864,4.986
63.8000,724.896,3620.1306,4.994
64.0000,407.395,2032.9009,4.99
64.2000,408.371,2037.7712,4.99
64.4000,410.567,2049.5505,4.992
64.6000,410.689,2050.1594,4.992
64.8000,410.689,2050.1594,4.992
65.0000,410.445,2049.7625,4.994
65.2000,413.616,2063.1165,4.988
65.4000,435.937,2177.0693,4.994
65.6000,435.327,2172.2815,4.99
65.8000,440.45,2199.6074,4.994
66.0000,998.485,4982.4399,4.99
66.2000,750.144,3746.219,4.994
66.4000,756.121,3774.5559,4.992
66.6000,733.814,3664.6672,4.994
66.8000,1028.3879,5131.6558,4.99
67.0000,740.142,3693.3086,4.99
67.2000,743.802,3714.5471,4.994
67.4000,739.655,3690.8784,4.99
67.6000,750.144,3744.7188,4.992
67.8000,732.458,3654.9653,4.99
68.0000,732.336,3654.3564,4.99
68.2000,722.578,3607.1094,4.992
68.4000,737.093,3678.094,4.99
68.6000,533.263,2663.1155,4.994
68.8000,408.851,2040.1665,4.99
69.0000,409.217,2044.4481,4.996
69.2000,406.9,2032.0586,4.994
69.4000,407.022,2031.0397,4.99
69.6000,407.388,2033.6809,4.992
69.8000,413.974,2064.9023,4.988
70.0000,407.639,2033.3033,4.988
70.2000,408.005,2035.1289,4.988
70.4000,407.753,2035.5029,4.992
70.6000,737.689,3678.1174,4.986
70.8000,734.41,3674.9875,5.004
71.0000,728.311,3634.2715,4.99
71.2000,729.653,3643.8872,4.994
71.4000,730.75,3646.4424,4.99
71.6000,717.198,3581.6868,4.994
71.8000,758.166,3783.2483,4.99
72.0000,732.186,3652.1436,4.988
72.2000,739.017,3686.2168,4.988
72.4000,730.235,3643.8723,4.99
72.6000,713.389,3561.2378,4.992
72.8000,737.173,3678.4929,4.99
73.0000,736.089,3676.0283,4.994
73.2000,723.039,3610.8567,4.994
73.4000,740.114,3691.6887,4.988
73.6000,731.089,3651.0583,4.994
73.8000,752.921,3755.5701,4.988
74.0000,744.505,3716.5691,4.992
74.2000,1004.18,5010.8579,4.99
74.4000,746.335,3725.7046,4.992
74.6000,748.896,3738.4888,4.992
74.8000,735.006,3669.1499,4.992
75.0000,731.577,3650.5691,4.99
75.2000,710.11,3544.8691,4.992
75.4000,731.333,3649.3516,4.99
75.6000,736.835,3676.8066,4.99
75.8000,1017.128,5077.5029,4.992
76.0000,1008.346,5033.6636,4.992
76.2000,1007.858,5033.2427,4.994
76.4000,1009.078,5035.2988,4.99
76.6000,1018.835,5081.9492,4.988
76.8000,1007.736,5028.6025,4.99
77.0000,1007.492,5031.415,4.994
77.2000,1009.566,5039.7534,4.992
77.4000,1009.668,5040.2627,4.992
77.6000,1011.029,5045.0347,4.99
77.8000,731.36,3652.4116,4.994
78.0000,407.639,2036.5645,4.996
78.2000,423.008,2109.9639,4.988
78.4000,409.827,2046.676,4.994
78.6000,410.795,2050.6887,4.992
78.8000,407.38,2032.8262,4.99
79.0000,408.112,2037.2952,4.992
79.2000,408.356,2037.6963,4.99
79.4000,410.917,2050.4756,4.99
79.6000,412.259,2057.9971,4.992
79.8000,417.991,2087.447,4.994
80.0000,736.685,3670.1646,4.982
80.2000,1012.699,5051.3423,4.988
80.4000,722.903,3610.1777,4.994
80.6000,732.66,3654.5078,4.988
80.8000,730.465,3646.4814,4.992
81.0000,724.868,3619.9907,4.994
81.2000,736.699,3676.1277,4.99
81.4000,741.212,3698.6477,4.99
81.6000,742.432,3707.7053,4.994
81.8000,760.849,3796.6362,4.99
82.0000,737.797,3681.6069,4.99
82.2000,743.895,3713.5239,4.992
82.4000,989.787,4939.0366,4.99
82.6000,1009.283,5036.3223,4.99
82.8000,1009.283,5040.3594,4.994
83.0000,1009.893,5039.3657,4.99
83.2000,1007.942,5031.6465,4.992
83.4000,1010.503,5040.3887,4.988
83.6000,1018.919,5086.4438,4.992
83.8000,1018.065,5080.144,4.99
84.0000,1009.649,5040.168,4.992
84.2000,1008.43,5032.0654,4.99
84.4000,931.712,4656.6968,4.998
84.6000,719.38,3588.2673,4.988
84.8000,407.014,2030.9998,4.99
85.0000,407.746,2033.837,4.988
85.2000,409.941,2046.4255,4.992
85.4000,407.258,2032.2173,4.99
85.6000,407.868,2036.0771,4.992
85.8000,414.576,2069.5635,4.992
86.0000,407.014,2030.9998,4.99
86.2000,407.502,2033.4349,4.99
86.4000,411.649,2054.1284,4.99
86.6000,407.868,2035.2612,4.99
86.8000,733.406,3662.6296,4.994
87.0000,729.625,3646.6658,4.998
87.2000,740.236,3692.2971,4.988
87.4000,728.527,3635.3494,4.99
87.6000,1003.955,5009.7354,4.99
87.8000,754.155,3760.217,4.986
88.0000,733.664,3660.9832,4.99
88.2000,737.079,3679.4983,4.992
88.4000,740.982,3696.0181,4.988
88.6000,713.538,3560.5547,4.99
88.8000,735.493,3670.1099,4.99
89.0000,733.42,3662.6995,4.994
89.2000,1006.15,5020.6885,4.99
89.4000,1010.663,5045.23,4.992
89.6000,1011.414,5046.9556,4.99
89.8000,1017.513,5075.355,4.988
90.0000,1011.536,5047.5645,4.99
90.2000,1018.367,5081.6509,4.99
90.4000,1010.804,5045.9336,4.992
90.6000,1019.323,5088.4604,4.992
90.8000,1012.127,5054.5625,4.994
91.0000,1021.031,5094.9443,4.99
91.2000,728.053,3632.9841,4.99
91.4000,744.777,3716.437,4.99
91.6000,794.772,3977.0391,5.004
91.8000,731.82,3653.2456,4.992
92.0000,733.04,3659.3357,4.992
92.2000,1025.647,5117.978,4.99
92.4000,730.723,3644.8464,4.988
92.6000,740.222,3693.7075,4.99
92.8000,738.515,3686.667,4.992
93.0000,733.026,3657.7996,4.99
93.2000,711.194,3550.2803,4.992
93.4000,726.806,3628.2158,4.992
93.6000,727.538,3633.325,4.994
93.8000,727.782,3633.0876,4.992
94.0000,739.749,3692.8271,4.992
94.2000,693.4,3461.4529,4.992
94.4000,532.033,2654.8447,4.99
94.6000,422.504,2108.2949,4.99
94.8000,408.843,2040.1265,4.99
95.0000,409.819,2044.1771,4.988
95.2000,409.575,2045.4176,4.994
95.4000,410.917,2051.2976,4.992
95.6000,447.874,2233.9954,4.988
95.8000,438.604,2191.2656,4.996
96.0000,437.019,2179.8508,4.988
96.2000,429.944,2147.1404,4.994
96.4000,763.167,3809.7297,4.992
96.6000,1012.371,5053.7559,4.992
96.8000,770.865,3845.0745,4.988
97.0000,790.259,3940.2312,4.986
97.2000,998.344,4977.7432,4.986
97.4000,728.785,3636.637,4.99
97.6000,752.096,3755.9675,4.994
97.8000,738.923,3687.2256,4.99
98.0000,754.291,3765.4209,4.992
98.2000,716.113,3571.9714,4.988
98.4000,724.774,3615.1726,4.988
98.6000,723.324,3609.3865,4.99
98.8000,719.786,3596.0508,4.996
99.0000,693.195,3463.2021,4.996
99.2000,735.643,3669.3872,4.988
99.4000,407.769,2034.7673,4.99
99.6000,408.127,2034.9213,4.986
99.8000,407.151,2031.6833,4.99
100.0000,406.671,2029.2881,4.99
100.2000,407.159,2031.7233,4.99
100.4000,407.037,2030.3004,4.988
100.6000,411.176,2051.7681,4.99
100.8000,407.639,2034.1185,4.99
101.0000,407.525,2032.7346,4.988
101.2000,407.159,2032.5377,4.992
101.4000,738.571,3686.9465,4.992
101.6000,1013.995,5061.8633,4.992
101.8000,772.602,3855.2837,4.99
102.0000,768.197,3833.303,4.99
102.2000,1005.072,5015.3091,4.99
102.4000,729.165,3638.533,4.99
102.6000,769.416,3840.9248,4.992
102.8000,773.32,3858.8667,4.99
103.0000,759.902,3791.9106,4.99
103.2000,731.482,3651.5581,4.992
103.4000,742.948,3707.3103,4.99
103.6000,739.411,3691.1399,4.992
103.8000,727.701,3628.3171,4.986
104.0000,691.231,3452.0076,4.994
104.2000,750.998,3745.9778,4.988
104.4000,753.926,3763.5989,4.992
104.6000,934.936,4674.6797,5
104.8000,729.409,3641.2097,4.992
105.0000,721.711,3599.8943,4.988
105.2000,1023.592,5105.6768,4.988
105.4000,722.442,3606.4307,4.992
105.6000,735.981,3672.5452,4.99
105.8000,734.396,3666.105,4.992
106.0000,734.03,3662.8096,4.99
106.2000,715.49,3573.157,4.994
106.4000,738.435,3686.2676,4.992
106.6000,743.666,3709.406,4.988
106.8000,735.493,3668.6389,4.988
107.0000,742.704,3704.6074,4.988
107.2000,733.556,3661.9119,4.992
107.4000,617.302,3081.5718,4.992
107.6000,689.131,3437.3853,4.988
107.8000,409.697,2043.5686,4.988
108.0000,412.632,2059.8589,4.992
108.2000,411.779,2054.7771,4.99
108.4000,410.437,2048.0806,4.99
108.6000,409.331,2042.5615,4.99
108.8000,408.843,2039.3088,4.988
109.0000,408.6,2038.0968,4.988
109.2000,407.38,2032.0115,4.988
109.4000,407.624,2034.0436,4.99
109.6000,411.779,2056.4243,4.994
109.8000,742.69,3708.9939,4.994
110.0000,1014.932,5064.5103,4.99
110.2000,738.895,3687.0859,4.99
110.4000,738.529,3688.2139,4.994
110.6000,1017.372,5074.6514,4.988
110.8000,724.272,3617.0142,4.994
111.0000,738.421,3686.1978,4.992
111.2000,748.179,3733.4131,4.99
111.4000,727.308,3629.2666,4.99
111.6000,723.662,3612.5208,4.992
111.8000,734.396,3666.105,4.992
112.0000,721.833,3603.3904,4.992
112.2000,735.859,3673.4082,4.992
112.4000,750.632,3744.1523,4.988
112.6000,744.899,3718.5359,4.992
112.8000,735.507,3670.1799,4.99
113.0000,666.714,3329.5696,4.994
113.2000,411.42,2057.1001,5
113.4000,411.169,2052.5557,4.992
113.6000,412.876,2061.0771,4.992
113.8000,407.144,2032.463,4.992
114.0000,408.973,2040.7751,4.99
114.2000,408.371,2038.5881,4.992
114.4000,408.005,2035.9448,4.99
114.6000,407.883,2036.152,4.992
114.8000,407.395,2032.0862,4.988
115.0000,408.005,2035.1289,4.988
115.2000,735.629,3669.3176,4.988
115.4000,1002.876,5004.3511,4.99
115.6000,739.777,3692.9668,4.992
115.8000,727.593,3632.1445,4.992
116.0000,992.405,4940.1924,4.978
116.2000,734.315,3664.2317,4.99
116.4000,737.243,3681.7915,4.994
116.6000,737.487,3681.5352,4.992
116.8000,747.367,3732.3508,4.994
117.0000,725.045,3616.5244,4.988
117.2000,719.664,3594.002,4.994
117.4000,723.568,3609.157,4.988
117.6000,764.186,3813.2878,4.99
117.8000,764.918,3816.9407,4.99
118.0000,756.379,3775.8442,4.992
118.2000,755.648,3772.1948,4.992
118.4000,736.985,3679.0291,4.992
118.6000,734.789,3665.1274,4.988
118.8000,1027.188,5125.668,4.99
119.0000,747.001,3727.5347,4.99
119.2000,725.777,3623.0789,4.992
119.4000,1009.501,5031.353,4.984
119.6000,726.143,3623.4534,4.99
119.8000,742,3702.5798,4.99
120.0000,740.049,3689.8845,4.986
120.2000,747.367,3729.3611,4.99
120.4000,728.338,3635.8635,4.992
120.6000,732.134,3653.3484,4.99
120.8000,722.253,3606.9314,4.994
121.0000,1000.127,4988.6333,4.988
121.2000,683.572,3413.7585,4.994
121.4000,424,2115.76,4.99
121.6000,410.826,2050.0215,4.99
121.8000,409.728,2043.7233,4.988
122.0000,409.85,2045.1515,4.99
122.2000,412.9,2060.3708,4.99
122.4000,412.534,2058.5444,4.99
122.6000,411.07,2051.2393,4.99
122.8000,408.752,2040.4901,4.992
123.0000,420.219,2096.0522,4.988
123.2000,408.021,2036.8408,4.992
123.4000,739.913,3690.686,4.988
123.6000,1021.924,5099.4004,4.99
123.8000,716.981,3579.1694,4.992
124.0000,716.981,3577.7351,4.99
124.2000,1017.044,5073.0156,4.988
124.4000,721.738,3601.4724,4.99
124.6000,735.643,3673.801,4.994
124.8000,747.353,3732.281,4.994
125.0000,729.666,3642.4929,4.992
125.2000,715.504,3570.365,4.99
125.4000,744.899,3715.5562,4.988
125.6000,746.241,3723.7427,4.99
125.8000,1027.027,5126.9189,4.992
126.0000,729.531,3641.8188,4.992
126.2000,407.639,2034.1185,4.99
126.4000,408.005,2036.761,4.992
126.6000,408.257,2038.0189,4.992
126.8000,410.086,2047.9695,4.994
127.0000,409.843,2045.1165,4.99
127.2000,418.259,2087.1123,4.99
127.4000,438.019,2187.467,4.994
127.6000,438.019,2186.5911,4.992
127.8000,435.58,2173.5439,4.99
128.0000,433.384,2163.4529,4.992
128.2000,767.357,3827.5767,4.988
128.4000,759.063,3790.7605,4.994
128.6000,507.058,2538.3325,5.006
128.8000,722.714,3610.679,4.996
129.0000,1027.778,5130.6675,4.992
129.2000,743.938,3712.2505,4.99
129.4000,738.205,3682.1665,4.988
129.6000,719.054,3586.6414,4.988
129.8000,726.617,3627.2722,4.992
130.0000,714.419,3563.522,4.988
130.2000,724.421,3617.7585,4.994
130.4000,733.082,3659.5452,4.992
130.6000,1024.87,5112.0513,4.988
130.8000,776.642,3875.4436,4.99
131.0000,741.146,3699.8008,4.992
131.2000,742.108,3701.6345,4.988
131.4000,733.326,3662.23,4.994
131.6000,744.046,3711.3015,4.988
131.8000,753.316,3762.0601,4.994
132.0000,731.482,3650.095,4.99
132.2000,738.327,3684.2517,4.99
132.4000,730.52,3646.7561,4.992
132.6000,732.838,3658.3274,4.992
132.8000,740.78,3695.0107,4.988
133.0000,744.318,3715.6355,4.992
133.2000,731.022,3647.7996,4.99
133.4000,726.007,3622.7749,4.99
133.6000,773.456,3861.0923,4.992
133.8000,737.839,3683.2922,4.992
134.0000,730.764,3646.512,4.99
134.2000,723.812,3614.717,4.994
134.4000,724.909,3615.8459,4.988
134.6000,724.665,3617.5276,4.992
134.8000,653.797,3265.0623,4.994
135.0000,723.934,3612.4307,4.99
135.2000,410.201,2046.0825,4.988
135.4000,409.713,2044.4679,4.99
135.6000,439.231,2191.7625,4.99
135.8000,435.449,2172.0195,4.988
136.0000,435.084,2171.9395,4.992
136.2000,429.351,2143.3203,4.992
136.4000,428.017,2136.6609,4.992
136.6000,431.197,2151.6729,4.99
136.8000,445.468,2222.8853,4.99
137.0000,408.143,2035.8173,4.988
137.2000,740.292,3691.0959,4.986
137.4000,724.557,3622.7852,5
137.6000,728.216,3633.7976,4.99
137.8000,754.916,3765.521,4.988
138.0000,1013.019,5052.9385,4.988
138.2000,725.505,3621.7209,4.992
138.4000,736.619,3680.1484,4.996
138.6000,737.703,3679.6626,4.988
138.8000,733.8,3661.6619,4.99
139.0000,719.895,3592.2759,4.99
139.2000,741.498,3700.0747,4.99
139.4000,742.352,3707.3059,4.994
139.6000,721.616,3600.8638,4.99
139.8000,726.861,3627.0364,4.99
140.0000,734.911,3665.7361,4.988
140.2000,717.103,3579.7783,4.992
140.4000,737.595,3682.0742,4.992
140.6000,724.055,3614.4827,4.992
140.8000,722.714,3607.7883,4.992
141.0000,696.245,3477.0474,4.994
141.2000,671.971,3354.4792,4.992
141.4000,408.135,2036.5936,4.99
141.6000,410.33,2047.5465,4.99
141.8000,411.176,2052.5906,4.992
142.0000,410.567,2051.1926,4.996
142.2000,411.657,2054.9919,4.992
142.4000,411.169,2051.7332,4.99
142.6000,410.559,2048.6892,4.99
142.8000,409.705,2044.4277,4.99
143.0000,409.461,2043.2103,4.99
143.2000,413.006,2060.8999,4.99
143.4000,702.818,3507.0615,4.99
143.6000,1019.709,5088.3477,4.99
143.8000,736.361,3674.4414,4.99
144.0000,749.413,3739.5708,4.99
144.2000,982.854,4894.6128,4.98
144.4000,729.517,3640.2898,4.99
144.6000,743.422,3711.1626,4.992
144.8000,734.274,3665.4958,4.992
145.0000,755.497,3768.4189,4.988
145.2000,722.198,3605.2124,4.992
145.4000,749.154,3735.2817,4.986
145.6000,723.798,3611.7517,4.99
145.8000,721.48,3598.7422,4.988
146.0000,723.676,3609.696,4.988
146.2000,737.107,3678.1638,4.99
146.4000,736.009,3669.7407,4.986
146.6000,723.188,3607.2617,4.988
146.8000,730.14,3643.3984,4.99
147.0000,726.115,3623.3137,4.99
147.2000,732.946,3660.3323,4.994
147.4000,728.677,3636.0981,4.99
147.6000,730.019,3644.2549,4.992
147.8000,1022.514,5098.2549,4.986
148.0000,741.606,3700.6138,4.99
148.2000,732.946,3657.4004,4.99
148.4000,728.921,3638.7739,4.992
148.6000,721.48,3600.1851,4.99
148.8000,746.607,3725.5688,4.99
149.0000,742.46,3704.8752,4.99
149.2000,815.889,4066.3909,4.984
149.4000,730.384,3643.1553,4.988
149.6000,720.992,3600.634,4.994
149.8000,721.724,3601.4026,4.99
150.0000,731.604,3649.2407,4.988
150.2000,744.534,3715.2244,4.99
150.4000,412.518,2060.115,4.994
150.6000,413.494,2064.1621,4.992
150.8000,411.786,2055.6357,4.992
151.0000,411.298,2053.1997,4.992
151.2000,409.835,2045.0765,4.99
151.4000,411.786,2055.6357,4.992
151.6000,413.372,2064.3799,4.994
151.8000,415.08,2072.0793,4.992
152.0000,411.542,2053.5945,4.99
152.2000,413.372,2063.5532,4.992
152.4000,740.4,3696.0769,4.992
152.6000,735.399,3671.1118,4.992
152.8000,734.546,3665.3845,4.99
153.0000,737.473,3681.4653,4.992
153.2000,1022.777,5107.748,4.994
153.4000,702.1,3504.8831,4.992
153.6000,742.366,3705.8914,4.992
153.8000,739.073,3687.9741,4.99
154.0000,743.464,3709.8853,4.99
154.2000,727.607,3630.7588,4.99
154.4000,747.489,3731.4653,4.992
154.6000,747.489,3729.97,4.99
154.8000,736.145,3671.8914,4.988
155.0000,532.684,2657.0278,4.988
155.2000,409.606,2043.9338,4.99
155.4000,410.46,2048.1953,4.99
155.6000,409.972,2046.5802,4.992
155.8000,410.216,2046.1573,4.988
156.0000,408.63,2039.881,4.992
156.2000,408.63,2038.2465,4.988
156.4000,408.63,2038.2465,4.988
156.6000,408.874,2039.4635,4.988
156.8000,409.118,2041.4988,4.99
157.0000,733.218,3660.2244,4.992
157.2000,1017.327,5074.4272,4.988
157.4000,742.366,3704.4062,4.99
157.6000,732.974,3656.0742,4.988
157.8000,994.132,4956.7422,4.986
158.0000,759.443,3789.6204,4.99
158.2000,775.544,3868.4133,4.988
158.4000,761.883,3803.3201,4.992
158.6000,766.396,3825.8489,4.992
158.8000,737.365,3680.926,4.992
159.0000,750.539,3746.6907,4.992
159.2000,726.509,3626.7329,4.992
159.4000,721.874,3599.2639,4.986
159.6000,590.247,2946.5132,4.992
159.8000,411.428,2053.0256,4.99
160.0000,410.208,2046.9379,4.99
160.2000,410.208,2047.7584,4.992
160.4000,439.727,2193.3582,4.988
160.6000,410.818,2049.9817,4.99
160.8000,411.062,2049.5552,4.986
161.0000,410.452,2048.1553,4.99
161.2000,409.355,2042.6814,4.99
161.4000,408.135,2036.5936,4.99
161.6000,408.501,2038.4199,4.99
161.8000,411.306,2051.5942,4.988
162.0000,410.574,2048.7642,4.99
162.2000,411.428,2053.8486,4.992
162.4000,411.794,2054.8521,4.99
162.6000,410.33,2046.726,4.988
162.8000,409.964,2046.5403,4.992
163.0000,414.112,2067.2471,4.992
163.2000,409.599,2043.0797,4.988
163.4000,413.136,2061.5486,4.99
163.6000,409.111,2041.4637,4.99
163.8000,408.989,2040.8551,4.99
164.0000,417.161,2081.6333,4.99
164.2000,439.849,2195.7263,4.992
164.4000,437.287,2182.062,4.99
164.6000,436.198,2174.8833,4.986
164.8000,427.293,2133.0466,4.992
165.0000,430.587,2150.3516,4.994
165.2000,430.709,2149.2378,4.99
165.4000,410.704,2050.2344,4.992
165.6000,410.094,2045.5488,4.988
165.8000,409.728,2045.3622,4.992
166.0000,410.094,2046.3689,4.99
166.2000,408.387,2038.668,4.992
166.4000,409.362,2043.5352,4.992
166.6000,409.362,2043.5352,4.992
166.8000,411.558,2053.6743,4.99
167.0000,411.802,2054.8918,4.99
167.2000,411.924,2056.3247,4.992
167.4000,411.672,2054.2432,4.99
167.6000,411.184,2052.6306,4.992
167.8000,411.306,2052.4167,4.99
168.0000,418.503,2088.3298,4.99
168.2000,410.208,2046.9379,4.99
168.4000,409.728,2044.5426,4.99
168.6000,410.094,2047.1892,4.992
168.8000,411.436,2052.2427,4.988
169.0000,409.118,2040.6807,4.988
169.2000,408.265,2036.4259,4.988
169.4000,408.509,2038.4598,4.99
169.6000,410.704,2049.4128,4.99
169.8000,409.964,2045.7202,4.99
170.0000,409.843,2045.1165,4.99
170.2000,411.192,2052.6704,4.992
170.4000,436.206,2177.5403,4.992
170.6000,437.792,2185.4578,4.992
170.8000,436.328,2177.2766,4.99
171.0000,431.571,2154.4026,4.992
171.2000,428.155,2136.4934,4.99
171.4000,428.521,2139.1768,4.992
171.6000,448.648,2238.7534,4.99
171.8000,413.395,2063.6677,4.992
172.0000,413.761,2064.6672,4.99
172.2000,409.614,2043.9739,4.99
172.4000,409.98,2045.8002,4.99
172.6000,408.76,2040.53,4.992
172.8000,409.37,2042.7562,4.99
173.0000,442.183,2210.0308,4.998
173.2000,415.591,2074.6304,4.992
173.4000,410.224,2046.1973,4.988
173.6000,427.309,2132.2717,4.99
173.8000,291.907,1457.7836,4.994
174.0000,230.057,1147.5243,4.988
174.2000,206.023,1028.0547,4.99
174.4000,395.213,1969.7417,4.984
174.6000,219.196,1093.788,4.99
174.8000,212.732,1061.5326,4.99
175.0000,205.661,1026.2483,4.99
175.2000,208.218,1039.4243,4.992
175.4000,205.413,1025.0107,4.99
175.6000,214.805,1072.7361,4.994
175.8000,205.291,1024.4021,4.99
176.0000,206.141,1029.0559,4.992
176.2000,207.117,1033.0996,4.988
176.4000,207.117,1033.5138,4.99
176.6000,205.165,1024.594,4.994
176.8000,208.214,1038.9878,4.99
177.0000,208.336,1040.4299,4.994
177.2000,206.507,1030.0569,4.988
177.4000,210.166,1048.7283,4.99
177.6000,209.678,1047.1318,4.994
